name,source,parameter_words,local_words,local_base,statement
bot_aim,server/bot/null/bot_null.qc,7,14,52075,95094
bot_aim_reset,server/bot/default/aim.qc,1,1,52075,95268
bot_clientconnect,server/bot/null/bot_null.qc,1,2,52075,95295
bot_clientdisconnect,server/bot/null/bot_null.qc,1,3,52075,95322
bot_cmdhelp,server/bot/null/bot_null.qc,1,4,52075,95369
bot_endgame,server/bot/null/bot_null.qc,0,1,52075,95499
bot_fixcount,server/bot/null/bot_null.qc,1,5,52075,95508
bot_list_commands,server/bot/null/bot_null.qc,0,2,52075,95635
bot_queuecommand,server/bot/null/bot_null.qc,2,4,52075,95740
bot_relinkplayerlist,server/bot/null/bot_null.qc,0,3,52075,95796
bot_resetqueues,server/bot/null/bot_null.qc,0,3,52075,95844
bot_serverframe,server/bot/null/bot_null.qc,0,2,52075,95888
bot_shouldattack,server/bot/null/bot_null.qc,2,2,52075,96120
bot_think,server/bot/null/bot_null.qc,1,3,52075,96185
bot_controller_batch_run,server/bot/default/havocbot/havocbot.qc,0,5,52075,96388
bot_controller_stat_read,server/bot/default/havocbot/havocbot.qc,1,1,52075,96477
bot_controller_qc_stat,server/bot/default/havocbot/havocbot.qc,1,1,52075,96481
find_bot_by_name,server/bot/null/bot_null.qc,1,3,52075,96492
find_bot_by_number,server/bot/null/bot_null.qc,1,3,52075,96518
havocbot_goalrating_enemyplayers,server/bot/null/bot_null.qc,6,10,52075,96539
havocbot_goalrating_items,server/bot/null/bot_null.qc,6,15,52075,96664
havocbot_goalrating_waypoints,server/bot/default/havocbot/roles.qc,6,12,52075,96836
havocbot_goalrating_item_pickable_check_players,server/bot/default/havocbot/roles.qc,8,13,52075,96938
navigation_dynamicgoal_init,server/bot/default/navigation.qc,2,2,52075,97031
navigation_dynamicgoal_set,server/bot/default/navigation.qc,2,2,52075,97044
navigation_dynamicgoal_unset,server/bot/default/navigation.qc,1,1,52075,97067
navigation_findnearestwaypoint,server/bot/null/bot_null.qc,2,3,52075,97075
navigation_goalrating_end,server/bot/null/bot_null.qc,1,2,52075,97099
navigation_goalrating_start,server/bot/null/bot_null.qc,1,2,52075,97193
navigation_goalrating_timeout_set,server/bot/default/navigation.qc,1,1,52075,97212
navigation_goalrating_timeout_force,server/bot/default/navigation.qc,1,1,52075,97238
navigation_goalrating_timeout_expire,server/bot/default/navigation.qc,2,2,52075,97242
navigation_goalrating_timeout,server/bot/default/navigation.qc,1,1,52075,97256
navigation_goalrating_timeout_extend_if_needed,server/bot/default/navigation.qc,2,3,52075,97260
navigation_goalrating_timeout_can_be_anticipated,server/bot/default/navigation.qc,1,5,52075,97266
navigation_markroutes,server/bot/null/bot_null.qc,2,9,52075,97331
navigation_markroutes_inverted,server/bot/null/bot_null.qc,1,15,52075,97894
navigation_routerating,server/bot/null/bot_null.qc,4,22,52075,98033
get_closer_dest,server/bot/default/navigation.qc,4,13,52075,98684
set_tracewalk_dest,server/bot/default/navigation.qc,5,11,52075,98718
set_tracewalk_dest_2,server/bot/default/navigation.qc,4,13,52075,98837
tracewalk,server/bot/null/bot_null.qc,15,35,52075,98877
waypoint_remove_fromeditor,server/bot/null/bot_null.qc,1,11,52075,99651
waypoint_remove,server/bot/null/bot_null.qc,1,5,52075,99883
waypoint_saveall,server/bot/null/bot_null.qc,0,8,52075,99944
waypoint_schedulerelinkall,server/bot/null/bot_null.qc,0,4,52075,100228
waypoint_schedulerelink,server/bot/null/bot_null.qc,1,1,52075,100263
waypoint_spawnforitem,server/bot/null/bot_null.qc,1,1,52075,100302
waypoint_spawnforitem_force,server/bot/null/bot_null.qc,4,8,52075,100308
waypoint_spawnforteleporter,server/bot/null/bot_null.qc,6,6,52075,100367
waypoint_spawnforteleporter_wz,server/bot/null/bot_null.qc,2,16,52075,100385
waypoint_spawn_fromeditor,server/bot/null/bot_null.qc,5,27,52075,100484
waypoint_spawn,server/bot/null/bot_null.qc,7,11,52075,101407
waypoint_unreachable,server/bot/default/waypoints.qc,1,9,52075,101622
waypoint_start_hardwiredlink,server/bot/default/waypoints.qc,2,4,52075,102378
waypoint_lock,server/bot/default/waypoints.qc,1,1,52075,102473
waypoint_getSymmetricalOrigin_cmd,server/bot/default/waypoints.qc,3,8,52075,102478
waypoint_getSymmetricalAxis_cmd,server/bot/default/waypoints.qc,3,6,52075,102699
waypoint_has_hardwiredlinks,server/bot/default/waypoints.qc,1,1,52075,313254
waypoint_is_hardwiredlink,server/bot/default/waypoints.qc,2,2,52075,313260
waypoint_mark_hardwiredlink,server/bot/default/waypoints.qc,2,2,52075,313324
waypoint_unmark_hardwiredlink,server/bot/default/waypoints.qc,2,2,52075,313429
waypoint_removelink,server/bot/default/waypoints.qc,2,3,52075,313547
waypoint_getlinknum,server/bot/default/waypoints.qc,2,2,52075,313831
waypoint_islinked,server/bot/default/waypoints.qc,2,2,52075,313961
waypoint_addlink_customcost,server/bot/default/waypoints.qc,3,3,52075,313967
waypoint_addlink,server/bot/default/waypoints.qc,2,2,52075,314442
waypoint_think,server/bot/default/waypoints.qc,1,28,52075,314466
waypoint_clearlinks,server/bot/default/waypoints.qc,1,1,52075,314667
waypoint_get_assigned_link_cost,server/bot/default/waypoints.qc,2,2,52075,314799
waypoint_getlinkcost,server/bot/default/waypoints.qc,2,14,52075,314929
waypoint_gettravelcost,server/bot/default/waypoints.qc,8,12,52075,314976
waypoint_getlinearcost,server/bot/default/waypoints.qc,1,1,52075,315079
waypoint_updatecost_foralllinks,server/bot/default/waypoints.qc,0,5,52075,315087
waypoint_save_links,server/bot/default/waypoints.qc,0,10,52075,315343
botframe_showwaypointlinks,server/bot/default/waypoints.qc,0,6,52075,315510
waypoint_loadall,server/bot/default/waypoints.qc,0,16,52075,315692
waypoint_load_links,server/bot/default/waypoints.qc,0,13,52075,316148
waypoint_load_hardwiredlinks,server/bot/default/waypoints.qc,0,11,52075,316549
waypoint_spawnpersonal,server/bot/default/waypoints.qc,4,4,52075,316842
waypoint_fixorigin_down_dir,server/bot/default/waypoints.qc,7,7,52075,316862
botframe_autowaypoints,server/bot/default/waypoints.qc,0,2,52075,316897
bot_aimdir,server/bot/default/aim.qc,5,22,52075,352775
findtrajectorywithleading,server/bot/default/aim.qc,14,24,52075,353193
bot_shotlead,server/bot/default/aim.qc,8,8,52075,353339
bot_spawn,server/bot/default/bot.qc,0,1,52075,353347
bot_setnameandstuff,server/bot/default/bot.qc,1,10,52075,353362
bot_custom_weapon_priority_setup,server/bot/default/bot.qc,0,3,52075,354078
bot_removefromlargestteam,server/bot/default/bot.qc,0,8,52075,354275
bot_removenewest,server/bot/default/bot.qc,0,4,52075,354339
autoskill,server/bot/default/bot.qc,1,5,52075,354377
havocbot_setupbot,server/bot/default/havocbot/havocbot.qc,1,1,52075,354544
bot_calculate_stepheightvec,server/bot/default/bot.qc,0,1,52075,354553
havocbot_ai,server/bot/default/havocbot/havocbot.qc,1,7,52075,354569
havocbot_aim,server/bot/default/havocbot/havocbot.qc,1,1,52075,354993
havocbot_movetogoal,server/bot/default/havocbot/havocbot.qc,1,37,52075,355022
havocbot_chooserole,server/bot/default/havocbot/roles.qc,1,1,52075,357142
havocbot_chooseenemy,server/bot/default/havocbot/havocbot.qc,1,19,52075,357174
havocbot_chooseweapon,server/bot/default/havocbot/havocbot.qc,2,6,52075,357423
havocbot_bunnyhop,server/bot/default/havocbot/havocbot.qc,4,15,52075,357706
havocbot_keyboard_movement,server/bot/default/havocbot/havocbot.qc,4,4,52075,357926
havocbot_resetgoal,server/bot/default/havocbot/havocbot.qc,1,1,52075,357954
havocbot_moveto,server/bot/default/havocbot/havocbot.qc,4,9,52075,357958
havocbot_moveto_refresh_route,server/bot/default/havocbot/havocbot.qc,1,2,52075,358310
havocbot_dodge,server/bot/default/havocbot/havocbot.qc,1,10,52075,358324
bot_clearqueue,server/bot/default/scripting.qc,1,1,52075,358391
navigation_check_submerged_state,server/bot/default/navigation.qc,4,4,52075,358422
debugresetnodes,server/bot/default/navigation.qc,0,0,52075,358459
debugnode,server/bot/default/navigation.qc,4,4,52075,358461
debugnodestatus,server/bot/default/navigation.qc,4,4,52075,358475
debuggoalstack,server/bot/default/navigation.qc,1,4,52075,358495
navigation_markroutes_nearestwaypoints,server/bot/default/navigation.qc,2,10,52075,358686
navigation_routetogoal,server/bot/default/navigation.qc,5,8,52075,358762
navigation_clearroute,server/bot/default/navigation.qc,1,1,52075,359021
navigation_pushroute,server/bot/default/navigation.qc,2,2,52075,359103
navigation_poproute,server/bot/default/navigation.qc,1,1,52075,359214
navigation_markroutes_checkwaypoint,server/bot/default/navigation.qc,6,15,52075,359327
navigation_shortenpath,server/bot/default/navigation.qc,1,6,52075,359377
navigation_poptouchedgoals,server/bot/default/navigation.qc,1,7,52075,359641
navigation_unstuck,server/bot/default/navigation.qc,1,5,52075,360032
botframe_updatedangerousobjects,server/bot/default/navigation.qc,1,25,52075,360420
navigation_waypoint_will_link,server/bot/default/navigation.qc,16,18,52075,360525
bot_ispaused,server/bot/default/scripting.qc,1,1,52075,360564
bot_execute_commands,server/bot/default/scripting.qc,1,1,52075,360568
bot_setclientfields,server/bot/default/bot.qc,1,1,52075,360577
navigation_checkladders,server/bot/default/navigation.qc,17,21,52075,360582
resurface_limited,server/bot/default/navigation.qc,7,8,52075,360648
navigation_findnearestwaypoint_withdist_except,server/bot/default/navigation.qc,4,14,52075,360699
navigation_get_really_close_waypoint,server/bot/default/navigation.qc,1,8,52075,360949
bot_dequeuecommand,server/bot/default/scripting.qc,2,2,52075,361057
bot_readcommand,server/bot/default/scripting.qc,2,2,52075,361094
bot_havecommand,server/bot/default/scripting.qc,2,2,52075,361117
bot_getplace,server/bot/default/scripting.qc,2,6,52075,361130
bot_commands_init,server/bot/default/scripting.qc,0,0,52075,361274
bot_decodecommand,server/bot/default/scripting.qc,1,3,52075,361324
bot_cmd_cc,server/bot/default/scripting.qc,1,1,52075,361489
bot_cmd_impulse,server/bot/default/scripting.qc,1,1,52075,361494
bot_cmd_continue,server/bot/default/scripting.qc,1,1,52075,361500
bot_cmd_wait,server/bot/default/scripting.qc,1,1,52075,361507
bot_cmd_wait_until,server/bot/default/scripting.qc,1,1,52075,361529
bot_cmd_barrier,server/bot/default/scripting.qc,1,2,52075,361544
bot_cmd_turn,server/bot/default/scripting.qc,1,3,52075,361597
bot_cmd_select_weapon,server/bot/default/scripting.qc,1,5,52075,361612
bot_cmd_eval,server/bot/default/scripting.qc,2,2,52075,361659
bot_cmd_if,server/bot/default/scripting.qc,1,4,52075,361735
bot_cmd_else,server/bot/default/scripting.qc,1,1,52075,361906
bot_cmd_fi,server/bot/default/scripting.qc,1,1,52075,361916
bot_cmd_resetaim,server/bot/default/scripting.qc,1,1,52075,361920
bot_cmd_aim,server/bot/default/scripting.qc,1,4,52075,361924
bot_cmd_aimtarget,server/bot/default/scripting.qc,1,6,52075,362021
bot_presskeys,server/bot/default/scripting.qc,1,1,52075,362093
bot_cmd_keypress_handler,server/bot/default/scripting.qc,3,3,52075,362193
bot_cmd_presskey,server/bot/default/scripting.qc,1,1,52075,362362
bot_cmd_releasekey,server/bot/default/scripting.qc,1,1,52075,362369
bot_cmd_pause,server/bot/default/scripting.qc,1,1,52075,362376
bot_cmd_moveto,server/bot/default/scripting.qc,1,2,52075,362412
bot_cmd_movetotarget,server/bot/default/scripting.qc,1,2,52075,362418
bot_cmd_resetgoal,server/bot/default/scripting.qc,1,2,52075,362435
bot_cmd_sound,server/bot/default/scripting.qc,1,7,52075,362440
bot_cmd_debug_assert_canfire,server/bot/default/scripting.qc,1,5,52075,362491
bot_command_executed,server/bot/default/scripting.qc,2,2,52075,362697
bot_setcurrentcommand,server/bot/default/scripting.qc,1,2,52075,362708
bot_execute_commands_once,server/bot/default/scripting.qc,1,3,52075,362759
waypoint_getSymmetricalPoint,server/bot/default/waypoints.qc,4,7,52075,363096
crosshair_trace_waypoints,server/bot/default/waypoints.qc,1,5,52075,363149
waypoint_setupmodel,server/bot/default/waypoints.qc,1,8,52075,363232
waypoint_restore_hardwiredlinks,server/bot/default/waypoints.qc,1,1,52075,363313
waypoint_get_type_name,server/bot/default/waypoints.qc,1,5,52075,363354
waypoint_get,server/bot/default/waypoints.qc,6,9,52075,363424
waypoint_addlink_for_custom_jumppad,server/bot/default/waypoints.qc,2,7,52075,363530
waypoint_clear_start_wp_globals,server/bot/default/waypoints.qc,2,2,52075,363580
waypoint_getlinearcost_underwater,server/bot/default/waypoints.qc,1,1,52075,363616
waypoint_getlinearcost_crouched,server/bot/default/waypoints.qc,1,1,52075,363620
waypoint_get_link,server/bot/default/waypoints.qc,2,2,52075,363624
waypoint_save_hardwiredlinks,server/bot/default/waypoints.qc,0,11,52075,363754
waypoint_spawnforteleporter_boxes,server/bot/default/waypoints.qc,15,15,52075,363951
waypoint_showlink,server/bot/default/waypoints.qc,3,3,52075,363972
waypoint_showlinks_to,server/bot/default/waypoints.qc,2,6,52075,364000
waypoint_showlinks_from,server/bot/default/waypoints.qc,2,2,52075,364038
botframe_autowaypoints_fixdown,server/bot/default/waypoints.qc,3,3,52075,364167
botframe_autowaypoints_createwp,server/bot/default/waypoints.qc,6,10,52075,364179
botframe_autowaypoints_fix_from,server/bot/default/waypoints.qc,4,18,52075,364222
botframe_autowaypoints_fix,server/bot/default/waypoints.qc,3,3,52075,364469
botframe_deleteuselesswaypoints,server/bot/default/waypoints.qc,0,9,52075,364525
havocbot_keyboard_apply,server/bot/default/havocbot/havocbot.qc,5,10,52075,364799
havocbot_checkgoaldistance,server/bot/default/havocbot/havocbot.qc,4,6,52075,364907
havocbot_select_an_item_of_group,server/bot/default/havocbot/havocbot.qc,2,5,52075,364962
havocbot_checkdanger,server/bot/default/havocbot/havocbot.qc,4,7,52075,365030
havocbot_chooseweapon_checkreload,server/bot/default/havocbot/havocbot.qc,3,7,52075,365144
havocbot_goalrating_item_can_be_left_to_teammate,server/bot/default/havocbot/roles.qc,3,4,52075,365181
havocbot_role_generic,server/bot/default/havocbot/roles.qc,1,1,52075,365313
havocbot_chooserole_generic,server/bot/default/havocbot/roles.qc,1,1,52075,365342
